{
  "maindata": {
    "music": "snooze",
    "bpm": 150,
    "offset": 0,
    "composer": "wotaku feat. SHIKI",
    "charter": "396",
    "level": "3"
  },
  "chartdata": {
    "L1": {
      "1": {
        "speed": 0.2,
        "time": 0.43333333333333335,
        "type": "tap"
      },
      "2": {
        "speed": 0.2,
        "time": 3.6333333333333333,
        "type": "tap"
      },
      "3": {
        "speed": 0.2,
        "time": 6.833333333333333,
        "type": "tap"
      },
      "4": {
        "speed": 0.2,
        "time": 8.433333333333334,
        "type": "tap"
      },
      "5": {
        "speed": 0.2,
        "time": 13.233333333333333,
        "endtime": 14.433333333333334,
        "type": "long"
      },
      "6": {
        "speed": 0.2,
        "time": 19.633333333333333,
        "endtime": 20.833333333333332,
        "type": "long"
      },
      "7": {
        "speed": 0.2,
        "time": 26.03333333333333,
        "type": "tap"
      },
      "8": {
        "speed": 0.2,
        "time": 27.633333333333333,
        "type": "tap"
      },
      "9": {
        "speed": 0.2,
        "time": 28.433333333333334,
        "type": "tap"
      },
      "10": {
        "speed": 0.2,
        "time": 34.03333333333333,
        "endtime": 34.833333333333336,
        "type": "long"
      },
      "11": {
        "speed": 0.2,
        "time": 35.63333333333333,
        "endtime": 36.43333333333333,
        "type": "long"
      },
      "12": {
        "speed": 0.2,
        "time": 37.233333333333334,
        "type": "tap"
      },
      "13": {
        "speed": 0.2,
        "time": 38.833333333333336,
        "type": "tap"
      },
      "14": {
        "speed": 0.2,
        "time": 42.03333333333333,
        "type": "tap"
      },
      "15": {
        "speed": 0.2,
        "time": 42.833333333333336,
        "type": "tap"
      },
      "16": {
        "speed": 0.2,
        "time": 46.833333333333336,
        "endtime": 48.43333333333333,
        "type": "long"
      },
      "17": {
        "speed": 0.2,
        "time": 50.03333333333333,
        "type": "tap"
      },
      "18": {
        "speed": 0.2,
        "time": 54.833333333333336,
        "type": "tap"
      },
      "19": {
        "speed": 0.2,
        "time": 62.833333333333336,
        "type": "tap"
      },
      "20": {
        "speed": 0.2,
        "time": 66.03333333333333,
        "endtime": 67.63333333333333,
        "type": "long"
      },
      "21": {
        "speed": 0.2,
        "time": 78.83333333333333,
        "type": "tap"
      },
      "22": {
        "speed": 0.2,
        "time": 84.43333333333334,
        "type": "tap"
      },
      "23": {
        "speed": 0.2,
        "time": 89.23333333333333,
        "type": "tap"
      },
      "24": {
        "speed": 0.2,
        "time": 91.63333333333333,
        "endtime": 92.03333333333333,
        "type": "long"
      },
      "25": {
        "speed": 0.2,
        "time": 94.03333333333333,
        "endtime": 94.83333333333333,
        "type": "long"
      },
      "26": {
        "speed": 0.2,
        "time": 99.43333333333334,
        "endtime": 101.53333333333333,
        "type": "long"
      },
      "27": {
        "speed": 0.2,
        "time": 102.43333333333334,
        "type": "tap"
      },
      "28": {
        "speed": 0.2,
        "time": 104.43333333333334,
        "type": "tap"
      },
      "29": {
        "speed": 0.2,
        "time": 109.23333333333333,
        "type": "tap"
      },
      "30": {
        "speed": 0.2,
        "time": 110.83333333333333,
        "type": "tap"
      },
      "31": {
        "speed": 0.2,
        "time": 113.23333333333333,
        "endtime": 114.03333333333333,
        "type": "long"
      },
      "32": {
        "speed": 0.2,
        "time": 115.63333333333333,
        "type": "tap"
      },
      "33": {
        "speed": 0.2,
        "time": 116.43333333333334,
        "endtime": 117.23333333333333,
        "type": "long"
      },
      "34": {
        "speed": 0.2,
        "time": 117.63333333333333,
        "type": "tap"
      },
      "35": {
        "speed": 0.2,
        "time": 118.43333333333334,
        "type": "tap"
      },
      "36": {
        "speed": 0.2,
        "time": 124.03333333333333,
        "type": "tap"
      },
      "37": {
        "speed": 0.2,
        "time": 128.83333333333334,
        "type": "tap"
      },
      "38": {
        "speed": 0.2,
        "time": 130.23333333333332,
        "endtime": 131.23333333333332,
        "type": "long"
      },
      "39": {
        "speed": 0.2,
        "time": 134.83333333333334,
        "type": "tap"
      },
      "40": {
        "speed": 0.2,
        "time": 135.63333333333333,
        "type": "tap"
      },
      "41": {
        "speed": 0.2,
        "time": 138.83333333333334,
        "type": "tap"
      },
      "42": {
        "speed": 0.2,
        "time": 142.03333333333333,
        "type": "tap"
      },
      "43": {
        "speed": 0.2,
        "time": 147.63333333333333,
        "endtime": 150.83333333333334,
        "type": "long"
      },
      "44": {
        "speed": 0.2,
        "time": 158.03333333333333,
        "type": "tap"
      },
      "45": {
        "speed": 0.2,
        "time": 159.63333333333333,
        "type": "tap"
      },
      "46": {
        "speed": 0.2,
        "time": 166.03333333333333,
        "type": "tap"
      },
      "47": {
        "speed": 0.2,
        "time": 166.83333333333334,
        "type": "tap"
      },
      "L1data": {
        "notes": 47
      }
    },
    "L2": {
      "1": {
        "speed": 0.2,
        "time": 10.033333333333333,
        "type": "tap"
      },
      "2": {
        "speed": 0.2,
        "time": 11.633333333333333,
        "type": "tap"
      },
      "3": {
        "speed": 0.2,
        "time": 16.433333333333334,
        "endtime": 17.633333333333333,
        "type": "long"
      },
      "4": {
        "speed": 0.2,
        "time": 21.233333333333334,
        "endtime": 22.433333333333334,
        "type": "long"
      },
      "5": {
        "speed": 0.2,
        "time": 30.833333333333332,
        "type": "tap"
      },
      "6": {
        "speed": 0.2,
        "time": 31.633333333333333,
        "type": "tap"
      },
      "7": {
        "speed": 0.2,
        "time": 40.43333333333333,
        "endtime": 41.63333333333333,
        "type": "long"
      },
      "8": {
        "speed": 0.2,
        "time": 45.233333333333334,
        "type": "tap"
      },
      "9": {
        "speed": 0.2,
        "time": 51.63333333333333,
        "type": "tap"
      },
      "10": {
        "speed": 0.2,
        "time": 55.63333333333333,
        "type": "tap"
      },
      "11": {
        "speed": 0.2,
        "time": 59.833333333333336,
        "endtime": 61.233333333333334,
        "type": "long"
      },
      "12": {
        "speed": 0.2,
        "time": 64.43333333333334,
        "type": "tap"
      },
      "13": {
        "speed": 0.2,
        "time": 72.43333333333334,
        "endtime": 74.03333333333333,
        "type": "long"
      },
      "14": {
        "speed": 0.2,
        "time": 79.63333333333333,
        "type": "tap"
      },
      "15": {
        "speed": 0.2,
        "time": 83.63333333333333,
        "type": "tap"
      },
      "16": {
        "speed": 0.2,
        "time": 86.03333333333333,
        "type": "tap"
      },
      "17": {
        "speed": 0.2,
        "time": 87.63333333333333,
        "type": "tap"
      },
      "18": {
        "speed": 0.2,
        "time": 97.23333333333333,
        "endtime": 98.03333333333333,
        "type": "long"
      },
      "19": {
        "speed": 0.2,
        "time": 106.03333333333333,
        "type": "tap"
      },
      "20": {
        "speed": 0.2,
        "time": 107.63333333333333,
        "type": "tap"
      },
      "21": {
        "speed": 0.2,
        "time": 120.83333333333333,
        "type": "tap"
      },
      "22": {
        "speed": 0.2,