{
  "maindata": {
    "music": "メズマライザー",
    "bpm": 185,
    "offset": 0,
    "composer": "サツキ",
    "charter": "396",
    "level": "4"
  },
  "chartdata": {
    "L1": {
      "1": {
        "speed": 0.2,
        "time": 2.621621621621622,
        "type": "tap"
      },
      "2": {
        "speed": 0.2,
        "time": 5.864864864864865,
        "type": "tap"
      },
      "3": {
        "speed": 0.2,
        "time": 6.513513513513514,
        "type": "tap"
      },
      "4": {
        "speed": 0.2,
        "time": 10.405405405405405,
        "type": "tap"
      },
      "5": {
        "speed": 0.2,
        "time": 11.702702702702704,
        "type": "tap"
      },
      "6": {
        "speed": 0.2,
        "time": 13.0,
        "type": "tap"
      },
      "7": {
        "speed": 0.2,
        "time": 14.297297297297298,
        "endtime": 15.270270270270272,
        "type": "long"
      },
      "8": {
        "speed": 0.2,
        "time": 19.486486486486488,
        "type": "tap"
      },
      "9": {
        "speed": 0.2,
        "time": 20.135135135135137,
        "type": "tap"
      },
      "10": {
        "speed": 0.2,
        "time": 24.675675675675677,
        "type": "tap"
      },
      "11": {
        "speed": 0.2,
        "time": 25.324324324324326,
        "type": "tap"
      },
      "12": {
        "speed": 0.2,
        "time": 26.2972972972973,
        "type": "tap"
      },
      "13": {
        "speed": 0.2,
        "time": 29.864864864864867,
        "endtime": 30.513513513513516,
        "type": "long"
      },
      "14": {
        "speed": 0.2,
        "time": 37.0,
        "endtime": 37.64864864864865,
        "type": "long"
      },
      "15": {
        "speed": 0.2,
        "time": 39.5945945945946,
        "endtime": 40.24324324324324,
        "type": "long"
      },
      "16": {
        "speed": 0.2,
        "time": 45.432432432432435,
        "type": "tap"
      },
      "17": {
        "speed": 0.2,
        "time": 49.32432432432433,
        "endtime": 49.972972972972975,
        "type": "long"
      },
      "18": {
        "speed": 0.2,
        "time": 52.56756756756757,
        "type": "tap"
      },
      "19": {
        "speed": 0.2,
        "time": 55.810810810810814,
        "type": "tap"
      },
      "20": {
        "speed": 0.2,
        "time": 57.10810810810811,
        "type": "tap"
      },
      "21": {
        "speed": 0.2,
        "time": 59.70270270270271,
        "endtime": 60.351351351351354,
        "type": "long"
      },
      "22": {
        "speed": 0.2,
        "time": 64.24324324324324,
        "type": "tap"
      },
      "23": {
        "speed": 0.2,
        "time": 65.54054054054055,
        "type": "tap"
      },
      "24": {
        "speed": 0.2,
        "time": 69.08108108108108,
        "type": "tap"
      },
      "25": {
        "speed": 0.2,
        "time": 79.45945945945947,
        "type": "tap"
      },
      "26": {
        "speed": 0.2,
        "time": 82.05405405405406,
        "type": "tap"
      },
      "27": {
        "speed": 0.2,
        "time": 82.70270270270271,
        "type": "tap"
      },
      "28": {
        "speed": 0.2,
        "time": 83.35135135135135,
        "endtime": 84.0,
        "type": "long"
      },
      "29": {
        "speed": 0.2,
        "time": 86.5945945945946,
        "type": "tap"
      },
      "30": {
        "speed": 0.2,
        "time": 89.83783783783784,
        "type": "tap"
      },
      "31": {
        "speed": 0.2,
        "time": 92.43243243243244,
        "type": "tap"
      },
      "32": {
        "speed": 0.2,
        "time": 93.08108108108108,
        "type": "tap"
      },
      "33": {
        "speed": 0.2,
        "time": 93.72972972972974,
        "endtime": 94.37837837837839,
        "type": "long"
      },
      "34": {
        "speed": 0.2,
        "time": 97.62162162162163,
        "type": "tap"
      },
      "35": {
        "speed": 0.2,
        "time": 98.91891891891892,
        "type": "tap"
      },
      "36": {
        "speed": 0.2,
        "time": 100.21621621621622,
        "type": "tap"
      },
      "37": {
        "speed": 0.2,
        "time": 101.51351351351352,
        "type": "tap"
      },
      "38": {
        "speed": 0.2,
        "time": 102.81081081081082,
        "type": "tap"
      },
      "39": {
        "speed": 0.2,
        "time": 104.10810810810811,
        "endtime": 104.75675675675676,
        "type": "long"
      },
      "40": {
        "speed": 0.2,
        "time": 106.37837837837839,
        "type": "tap"
      },
      "41": {
        "speed": 0.2,
        "time": 107.67567567567568,
        "type": "tap"
      },
      "42": {
        "speed": 0.2,
        "time": 108.64864864864866,
        "type": "tap"
      },
      "43": {
        "speed": 0.2,
        "time": 109.94594594594595,
        "endtime": 110.5945945945946,
        "type": "long"
      },
      "44": {
        "speed": 0.2,
        "time": 113.1891891891892,
        "type": "tap"
      },
      "45": {
        "speed": 0.2,
        "time": 117.08108108108108,
        "type": "tap"
      },
      "46": {
        "speed": 0.2,
        "time": 120.97297297297298,
        "endtime": 121.94594594594595,
        "type": "long"
      },
      "L1data": {
        "notes": 46
      }
    },
    "L2": {
      "1": {
        "speed": 0.2,
        "time": 5.216216216216217,
        "type": "tap"
      },
      "2": {
        "speed": 0.2,
        "time": 7.162162162162162,
        "type": "tap"
      },
      "3": {
        "speed": 0.2,
        "time": 9.108108108108109,
        "type": "tap"
      },
      "4": {
        "speed": 0.2,
        "time": 16.89189189189189,
        "endtime": 17.864864864864867,
        "type": "long"
      },
      "5": {
        "speed": 0.2,
        "time": 22.08108108108108,
        "type": "tap"
      },
      "6": {
        "speed": 0.2,
        "time": 23.37837837837838,
        "type": "tap"
      },
      "7": {
        "speed": 0.2,
        "time": 27.27027027027027,
        "type": "tap"
      },
      "8": {
        "speed": 0.2,
        "time": 27.91891891891892,
        "type": "tap"
      },
      "9": {
        "speed": 0.2,
        "time": 28.891891891891895,
        "type": "tap"
      },
      "10": {
        "speed": 0.2,
        "time": 32.45945945945946,
        "type": "tap"
      },
      "11": {
        "speed": 0.2,
        "time": 33.75675675675676,
        "type": "tap"
      },
      "12": {
        "speed": 0.2,
        "time": 35.054054054054056,
        "type": "tap"
      },
      "13": {
        "speed": 0.2,
        "time": 42.18918918918919,
        "endtime": 42.83783783783784,
        "type": "long"
      },
      "14": {
        "speed": 0.2,
        "time": 44.13513513513514,
        "type": "tap"
      },
      "15": {
        "speed": 0.2,
        "time": 46.72972972972973,
        "type": "tap"
      },
      "16": {
        "speed": 0.2,
        "time": 48.02702702702703,
        "type": "tap"
      },
      "17": {
        "speed": 0.2,
        "time": 51.91891891891892,
        "type": "tap"
      },
      "18": {
        "speed": 0.2,
        "time": 53.21621621621622,
        "type": "tap"
      },
      "19": {
        "speed": 0.2,
        "time": 58.40540540540541,
        "type": "tap"
      },
      "20": {
        "speed": 0.2,
        "time": 62.2972972972973,
        "type": "tap"
      },
      "21": {
        "speed": 0.2,
        "time": 62.94594594594595,
        "type": "tap"
      },
      "22": {
        "speed": 0.2,
        "time": 74.27027027027027,
        "type": "tap"
      },
      "23": {
        "speed": 0.2,
        "time": 80.75675675675676,
        "type": "tap"
      },
      "24": {
        "speed": 0.2,
        "time": 85.2972972972973,
        "type": "tap"
      },
      "25": {
        "speed": 0.2,
        "time": 87.56756756756758,
        "type": "tap"
      },
      "26": {
        "speed": 0.2,